"label","category","name","email","message"
"spam","obvious","John Doe","discount@cheapmeds.example","Buy quality discount viagra cialis online no prescription needed worldwide shipping click here cheap-pharma-deals.example.com"
"spam","obvious","Sales Pro","sales@leadpro.example","Hi I see you have a contact form. We can get you 100 leads/week guaranteed. Visit lead-pro-money.example.com for our special launch offer ending today!"
"spam","obvious","Anna","anna@seo-magic.example","Hello, I noticed your site has potential. I can guarantee you first page Google rankings in 30 days. Reply with your number or visit rank-boost-now.example.com"
"spam","ai-generated","Jonathan Pierce","j.pierce@globalstrategy.example","Dear team, I came across your website and was deeply impressed by the quality and professionalism of your services. I represent a forward-thinking partnership opportunity that I believe would align excellently with your strategic objectives. Could we schedule a brief introductory call at your earliest convenience to explore potential synergies?"
"spam","ai-generated","Sarah Mitchell","sarah@growthlabs.example","Hello, your company really stood out to me as a leader in your space. I would love to connect and explore mutually beneficial opportunities that align with your goals and vision for growth. Looking forward to hearing from you."
"spam","ai-generated","Daniel","daniel@bizdev.example","I hope this message finds you well. After reviewing your impressive online presence, I believe there is significant potential for a strategic collaboration that could deliver substantial mutual value. I would welcome the opportunity to discuss this further at a time convenient to you."
"genuine","legitimate","Sam Patel","sam@patelco.co.uk","Hi, we are a 12-person accountancy in Reading. Current site is dated and we want to redevelop it on Umbraco. Could someone call to discuss approach and rough costs? Mornings work best for me."
"genuine","legitimate","Helen","helen.b@fsiltd.example","Quick question, we are evaluating Umbraco against Sitecore for a financial services client. Do you have a comparison deck or case studies for FCA-regulated builds we could review?"
"genuine","legitimate","Mark","mark@chartshire.org.uk","Hi team, on our staging environment the donations form is throwing a 500 after the captcha step. Can someone take a look this afternoon? Project ref CHAR-2104. Cheers, Mark."
